Date,HGZ2 Comdty - LMCADS03 Comdty
28/12/2017,8.4282
29/12/2017,9.9833
02/01/2018,9.7884
03/01/2018,11.1192
04/01/2018,9.8868
05/01/2018,10.0486
08/01/2018,9.3671
09/01/2018,9.7104
10/01/2018,9.2471
11/01/2018,10.0641
12/01/2018,10.2975
15/01/2018,5.7616
16/01/2018,12.099
17/01/2018,11.1448
18/01/2018,10.2897
19/01/2018,11.0273
22/01/2018,10.8526
23/01/2018,9.5296
24/01/2018,10.6832
25/01/2018,9.7775
26/01/2018,10.4315
29/01/2018,9.5815
30/01/2018,10.9691
31/01/2018,8.0846
01/02/2018,9.8893
02/02/2018,11.2458
05/02/2018,8.9213
06/02/2018,10.1397
07/02/2018,8.9801
08/02/2018,9.8176
09/02/2018,9.3
12/02/2018,10.9027
13/02/2018,10.9813
14/02/2018,10.2435
15/02/2018,10.3817
16/02/2018,8.6184
19/02/2018,13.8346
20/02/2018,10.3047
21/02/2018,11.2893
22/02/2018,11.8388
23/02/2018,12.4779
26/02/2018,11.1475
27/02/2018,12.1845
28/02/2018,10.6668
01/03/2018,9.875
02/03/2018,11.0636
05/03/2018,10.7193
06/03/2018,9.6556
07/03/2018,10.5049
08/03/2018,10.662
09/03/2018,10.1606
12/03/2018,11.1832
13/03/2018,11.2317
14/03/2018,11.0586
15/03/2018,11.2657
16/03/2018,10.8172
19/03/2018,9.9094
20/03/2018,10.05
21/03/2018,9.9263
22/03/2018,11.1715
23/03/2018,10.2591
26/03/2018,10.5899
27/03/2018,11.558
28/03/2018,11.0323
29/03/2018,11.1097
02/04/2018,13.7097
03/04/2018,11.4902
04/04/2018,9.8561
05/04/2018,12.0831
06/04/2018,12.9649
09/04/2018,11.848
10/04/2018,12.4317
11/04/2018,10.1049
12/04/2018,11.5063
13/04/2018,11.948
16/04/2018,10.7966
17/04/2018,11.2162
18/04/2018,11.9891
19/04/2018,11.4127
20/04/2018,11.3499
23/04/2018,11.4498
24/04/2018,11.3473
25/04/2018,10.2241
26/04/2018,10.8246
27/04/2018,12.1449
30/04/2018,11.6913
01/05/2018,11.1035
02/05/2018,10.4016
03/05/2018,11.6841
04/05/2018,12.3295
07/05/2018,12.3795
08/05/2018,14.2035
09/05/2018,11.2552
10/05/2018,10.6018
11/05/2018,9.7178
14/05/2018,10.1033
15/05/2018,10.0459
16/05/2018,10.0795
17/05/2018,9.9254
18/05/2018,8.6141
21/05/2018,11.1254
22/05/2018,9.2895
23/05/2018,8.4197
24/05/2018,10.2801
25/05/2018,8.6533
29/05/2018,8.2373
30/05/2018,9.4944
31/05/2018,8.9501
01/06/2018,10.5543
04/06/2018,9.821
05/06/2018,10.6965
06/06/2018,11.108
07/06/2018,6.6278
08/06/2018,10.235
11/06/2018,8.5205
12/06/2018,10.0673
13/06/2018,8.9297
14/06/2018,9.4085
15/06/2018,9.2798
18/06/2018,8.3699
19/06/2018,8.3944
20/06/2018,10.3835
21/06/2018,7.3438
22/06/2018,7.8577
25/06/2018,6.4
26/06/2018,8.555
27/06/2018,8.7349
28/06/2018,7.7873
29/06/2018,7.2013
02/07/2018,9.9232
03/07/2018,9.0747
04/07/2018,13.8374
05/07/2018,6.7971
06/07/2018,9.7548
09/07/2018,7.306
10/07/2018,9.5141
11/07/2018,8.7189
12/07/2018,8.5541
13/07/2018,8.1959
16/07/2018,8.4371
17/07/2018,9.0014
18/07/2018,9.8421
19/07/2018,7.1477
20/07/2018,9.1055
23/07/2018,8.6993
24/07/2018,7.6651
25/07/2018,8.9419
26/07/2018,8.7465
27/07/2018,7.1744
30/07/2018,9.0063
31/07/2018,10.1883
01/08/2018,8.5443
02/08/2018,9.3684
03/08/2018,9.002
06/08/2018,9.1133
07/08/2018,9.0582
08/08/2018,8.5989
09/08/2018,7.8402
10/08/2018,7.0778
13/08/2018,7.5834
14/08/2018,8.0002
15/08/2018,6.9724
16/08/2018,5.3583
17/08/2018,7.3526
20/08/2018,8.2316
21/08/2018,7.9548
22/08/2018,8.6692
23/08/2018,8.0583
24/08/2018,6.6833
27/08/2018,7.5333
28/08/2018,7.8282
29/08/2018,9.0951
30/08/2018,7.6023
31/08/2018,7.28
03/09/2018,7.6428
04/09/2018,8.3374
05/09/2018,6.0473
06/09/2018,6.3845
07/09/2018,4.2351
10/09/2018,5.7283
11/09/2018,6.5916
12/09/2018,5.7821
13/09/2018,5.1492
14/09/2018,4.2707
17/09/2018,6.1907
18/09/2018,6.1951
19/09/2018,4.5576
20/09/2018,6.6766
21/09/2018,4.6307
24/09/2018,3.6343
25/09/2018,3.1218
26/09/2018,6.1048
27/09/2018,5.9139
28/09/2018,4.4934
01/10/2018,3.8516
02/10/2018,3.6455
03/10/2018,7.7851
04/10/2018,1.1419
05/10/2018,5.5989
08/10/2018,5.6721
09/10/2018,3.6512
10/10/2018,2.8052
11/10/2018,4.9691
12/10/2018,1.8976
15/10/2018,1.3429
16/10/2018,5.3438
17/10/2018,4.7624
18/10/2018,5.2746
19/10/2018,5.117
22/10/2018,4.8191
23/10/2018,5.0556
24/10/2018,5.6267
25/10/2018,2.9949
26/10/2018,3.8886
29/10/2018,4.3386
30/10/2018,2.4945
31/10/2018,3.6589
01/11/2018,5.2137
02/11/2018,4.4094
05/11/2018,4.0324
06/11/2018,3.1793
07/11/2018,5.5061
08/11/2018,3.8154
09/11/2018,2.2559
12/11/2018,1.9734
13/11/2018,2.5848
14/11/2018,3.3137
15/11/2018,1.6499
16/11/2018,2.5474
19/11/2018,-3.052
20/11/2018,-0.9001
21/11/2018,-0.7634
22/11/2018,-1.6705
23/11/2018,0.0567
26/11/2018,0.1731
27/11/2018,-0.8151
28/11/2018,3.4242
29/11/2018,1.2799
30/11/2018,1.1422
03/12/2018,-0.4349
04/12/2018,0.516
05/12/2018,2.8582
06/12/2018,4.5209
07/12/2018,1.8189
10/12/2018,0.859
11/12/2018,-0.0243
12/12/2018,0.3457
13/12/2018,-0.4846
14/12/2018,1.3313
17/12/2018,1.6168
18/12/2018,-0.6932
19/12/2018,1.8656
20/12/2018,1.346
21/12/2018,-0.9458
24/12/2018,-0.0355
26/12/2018,4.0645
27/12/2018,1.1583
28/12/2018,-0.2679
31/12/2018,-2.7164
02/01/2019,3.2127
03/01/2019,3.8208
04/01/2019,2.7654
07/01/2019,1.3886
08/01/2019,4.6597
09/01/2019,2.5511
10/01/2019,1.9711
11/01/2019,3.9768
14/01/2019,3.268
15/01/2019,0.9247
16/01/2019,1.5068
17/01/2019,1.9589
18/01/2019,2.1873
21/01/2019,5.4078
22/01/2019,3.1443
23/01/2019,2.3959
24/01/2019,2.734
25/01/2019,3.7059
28/01/2019,1.9553
29/01/2019,3.978
30/01/2019,4.0272
31/01/2019,3.9803
01/02/2019,4.3411
04/02/2019,4.6757
05/02/2019,3.9274
06/02/2019,3.1908
07/02/2019,4.6877
08/02/2019,4.8206
11/02/2019,4.6421
12/02/2019,4.8379
13/02/2019,3.6261
14/02/2019,3.8318
15/02/2019,3.8185
18/02/2019,-0.1277
19/02/2019,4.5765
20/02/2019,4.0756
21/02/2019,4.0096
22/02/2019,3.6644
25/02/2019,3.6237
26/02/2019,3.784
27/02/2019,4.4217
28/02/2019,3.2083
01/03/2019,2.9144
04/03/2019,4.0942
05/03/2019,3.1144
06/03/2019,2.568
07/03/2019,4.0365
08/03/2019,3.2792
11/03/2019,3.2849
12/03/2019,3.0866
13/03/2019,3.6139
14/03/2019,2.671
15/03/2019,3.4963
18/03/2019,4.1684
19/03/2019,4.0262
20/03/2019,4.4169
21/03/2019,4.6499
22/03/2019,3.744
25/03/2019,3.8739
26/03/2019,3.3275
27/03/2019,4.0007
28/03/2019,3.8168
29/03/2019,4.1103
01/04/2019,3.7319
02/04/2019,4.4504
03/04/2019,5.3294
04/04/2019,3.6891
05/04/2019,4.857
08/04/2019,5.7005
09/04/2019,5.8062
10/04/2019,6.6494
11/04/2019,5.5395
12/04/2019,7.0922
15/04/2019,6.8737
16/04/2019,5.7933
17/04/2019,5.9264
18/04/2019,5.1551
22/04/2019,3.5051
23/04/2019,6.0849
24/04/2019,5.5252
25/04/2019,4.84
26/04/2019,6.1024
29/04/2019,7.0338
30/04/2019,6.922
01/05/2019,5.6866
02/05/2019,5.921
03/05/2019,6.2913
06/05/2019,8.0413
07/05/2019,6.3814
08/05/2019,5.9829
09/05/2019,7.3194
10/05/2019,6.5808
13/05/2019,6.4471
14/05/2019,6.3713
15/05/2019,4.5405
16/05/2019,4.8601
17/05/2019,6.0059
20/05/2019,5.7806
21/05/2019,6.8774
22/05/2019,7.0618
23/05/2019,6.9526
24/05/2019,7.2872
28/05/2019,6.5104
29/05/2019,7.503
30/05/2019,7.6091
31/05/2019,6.357
03/06/2019,7.2127
04/06/2019,7.4344
05/06/2019,6.1503
06/06/2019,8.6549
07/06/2019,6.5132
10/06/2019,6.4112
11/06/2019,7.6705
12/06/2019,7.0591
13/06/2019,6.787
14/06/2019,5.3699
17/06/2019,4.9766
18/06/2019,5.3593
19/06/2019,5.1654
20/06/2019,5.8207
21/06/2019,6.0114
24/06/2019,6.8104
25/06/2019,6.3909
26/06/2019,7.3403
27/06/2019,7.3449
28/06/2019,7.1135
01/07/2019,6.4098
02/07/2019,7.5216
03/07/2019,7.3154
04/07/2019,7.2247
05/07/2019,6.4412
08/07/2019,6.8948
09/07/2019,6.5699
10/07/2019,7.7175
11/07/2019,6.6872
12/07/2019,8.1943
15/07/2019,7.3171
16/07/2019,4.9017
17/07/2019,7.8032
18/07/2019,6.9671
19/07/2019,7.6977
22/07/2019,7.5522
23/07/2019,7.1475
24/07/2019,7.1914
25/07/2019,6.2785
26/07/2019,6.3743
29/07/2019,6.7295
30/07/2019,6.3047
31/07/2019,6.3072
01/08/2019,7.6273
02/08/2019,6.0156
05/08/2019,5.3841
06/08/2019,6.6248
07/08/2019,6.9769
08/08/2019,6.0085
09/08/2019,6.159
12/08/2019,6.3986
13/08/2019,6.8251
14/08/2019,5.9054
15/08/2019,6.9904
16/08/2019,7.1579
19/08/2019,6.3971
20/08/2019,6.9048
21/08/2019,6.6522
22/08/2019,6.5748
23/08/2019,5.8428
26/08/2019,7.0428
27/08/2019,4.9248
28/08/2019,5.6573
29/08/2019,5.1517
30/08/2019,6.1309
02/09/2019,7.5824
03/09/2019,5.686
04/09/2019,5.9265
05/09/2019,6.4266
06/09/2019,6.121
09/09/2019,6.0374
10/09/2019,5.6838
11/09/2019,7.1152
12/09/2019,6.771
13/09/2019,6.1027
16/09/2019,5.8927
17/09/2019,6.4653
18/09/2019,5.1828
19/09/2019,5.9621
20/09/2019,5.1085
23/09/2019,6.4157
24/09/2019,5.675
25/09/2019,5.9075
26/09/2019,5.7058
27/09/2019,5.6646
30/09/2019,5.7197
01/10/2019,5.6387
02/10/2019,6.5516
03/10/2019,5.7273
04/10/2019,7.3392
07/10/2019,5.2558
08/10/2019,6.715
09/10/2019,5.9794
10/10/2019,5.6296
11/10/2019,6.6492
14/10/2019,6.2513
15/10/2019,6.4425
16/10/2019,6.1929
17/10/2019,6.4347
18/10/2019,6.8956
21/10/2019,6.9977
22/10/2019,6.7513
23/10/2019,6.9437
24/10/2019,6.7391
25/10/2019,5.3479
28/10/2019,6.919
29/10/2019,6.6345
30/10/2019,6.819
31/10/2019,7.3539
01/11/2019,5.9499
04/11/2019,6.9252
05/11/2019,6.8175
06/11/2019,5.0144
07/11/2019,7.9753
08/11/2019,6.1386
11/11/2019,6.6571
12/11/2019,5.588
13/11/2019,6.5302
14/11/2019,6.0735
15/11/2019,5.7952
18/11/2019,5.007
19/11/2019,6.5659
20/11/2019,5.8659
21/11/2019,5.5524
22/11/2019,6.2731
25/11/2019,5.9334
26/11/2019,7.0433
27/11/2019,5.7907
28/11/2019,8.1948
29/11/2019,6.4648
02/12/2019,4.653
03/12/2019,4.8374
04/12/2019,5.0623
05/12/2019,5.5762
06/12/2019,7.0996
09/12/2019,6.2441
10/12/2019,5.9601
11/12/2019,5.57
12/12/2019,6.32
13/12/2019,5.6493
16/12/2019,4.7696
17/12/2019,5.2242
18/12/2019,6.0309
19/12/2019,5.1938
20/12/2019,5.2582
23/12/2019,4.7278
24/12/2019,5.5938
26/12/2019,7.8938
27/12/2019,5.9892
30/12/2019,6.1624
31/12/2019,5.2535
02/01/2020,7.0685
03/01/2020,5.922
06/01/2020,5.7138
07/01/2020,5.8375
08/01/2020,5.9721
09/01/2020,5.1314
10/01/2020,5.5149
13/01/2020,5.8919
14/01/2020,6.8476
15/01/2020,6.828
16/01/2020,5.1089
17/01/2020,5.263
20/01/2020,5.898
21/01/2020,5.5386
22/01/2020,5.5879
23/01/2020,7.0357
24/01/2020,5.6026
27/01/2020,5.3533
28/01/2020,5.0176
29/01/2020,6.3299
30/01/2020,7.2566
31/01/2020,7.8364
03/02/2020,9.4415
04/02/2020,8.9231
05/02/2020,7.2558
06/02/2020,8.2661
07/02/2020,7.982
10/02/2020,7.5005
11/02/2020,7.2625
12/02/2020,7.9007
13/02/2020,7.7214
14/02/2020,7.6322
17/02/2020,5.2735
18/02/2020,7.7925
19/02/2020,8.1286
20/02/2020,8.2336
21/02/2020,8.3054
24/02/2020,8.3026
25/02/2020,7.7841
26/02/2020,7.5645
27/02/2020,9.5139
28/02/2020,6.402
02/03/2020,8.7537
03/03/2020,8.0232
04/03/2020,8.4794
05/03/2020,7.783
06/03/2020,8.9721
09/03/2020,7.2879
10/03/2020,6.9818
11/03/2020,6.7101
12/03/2020,7.947
13/03/2020,6.2399
16/03/2020,7.3282
17/03/2020,6.3733
18/03/2020,8.6715
19/03/2020,8.5928
20/03/2020,6.6232
23/03/2020,7.4878
24/03/2020,7.2918
25/03/2020,8.0821
26/03/2020,8.1954
27/03/2020,7.7577
30/03/2020,7.6102
31/03/2020,6.0276
01/04/2020,8.1268
02/04/2020,7.627
03/04/2020,7.3851
06/04/2020,8.2166
07/04/2020,6.9406
08/04/2020,9.0916
09/04/2020,8.6705
13/04/2020,13.3205
14/04/2020,8.4615
15/04/2020,7.2475
16/04/2020,5.9547
17/04/2020,7.7843
20/04/2020,7.9816
21/04/2020,8.6942
22/04/2020,8.0903
23/04/2020,7.4749
24/04/2020,10.1774
27/04/2020,8.1193
28/04/2020,7.1399
29/04/2020,7.5163
30/04/2020,7.7048
01/05/2020,8.3155
04/05/2020,8.4258
05/05/2020,9.1383
06/05/2020,9.2739
07/05/2020,8.6266
08/05/2020,11.5266
11/05/2020,9.4977
12/05/2020,7.5704
13/05/2020,8.2946
14/05/2020,8.6925
15/05/2020,8.2223
18/05/2020,9.2535
19/05/2020,9.3026
20/05/2020,9.2336
21/05/2020,9.3923
22/05/2020,9.5189
26/05/2020,9.335
27/05/2020,10.8343
28/05/2020,10.4731
29/05/2020,9.5273
01/06/2020,8.4012
02/06/2020,8.1328
03/06/2020,7.9142
04/06/2020,7.8287
05/06/2020,7.2573
08/06/2020,8.3764
09/06/2020,8.1971
10/06/2020,7.3644
11/06/2020,7.228
12/06/2020,8.5209
15/06/2020,9.3635
16/06/2020,8.911
17/06/2020,9.3286
18/06/2020,7.541
19/06/2020,6.8725
22/06/2020,8.7664
23/06/2020,8.2051
24/06/2020,8.9695
25/06/2020,9.7994
26/06/2020,6.1464
29/06/2020,7.2423
30/06/2020,8.4656
01/07/2020,7.2791
02/07/2020,7.9848
03/07/2020,10.5249
06/07/2020,6.7174
07/07/2020,6.6185
08/07/2020,5.6727
09/07/2020,5.1883
10/07/2020,5.5581
13/07/2020,3.696
14/07/2020,5.5345
15/07/2020,5.7874
16/07/2020,4.8468
17/07/2020,4.4252
20/07/2020,4.1335
21/07/2020,6.1016
22/07/2020,4.6015
23/07/2020,2.298
24/07/2020,4.222
27/07/2020,5.4725
28/07/2020,4.8098
29/07/2020,5.0458
30/07/2020,6.869
31/07/2020,4.1127
03/08/2020,5.1701
04/08/2020,5.9984
05/08/2020,6.066
06/08/2020,6.7917
07/08/2020,2.8254
10/08/2020,5.4612
11/08/2020,7.1874
12/08/2020,6.4282
13/08/2020,6.8341
14/08/2020,6.4719
17/08/2020,7.0159
18/08/2020,7.2048
19/08/2020,5.9251
20/08/2020,5.7626
21/08/2020,5.3201
24/08/2020,5.4408
25/08/2020,5.2511
26/08/2020,4.9028
27/08/2020,4.2781
28/08/2020,4.1915
31/08/2020,8.8915
01/09/2020,4.8617
02/09/2020,3.9308
03/09/2020,5.4862
04/09/2020,5.5911
07/09/2020,2.0077
08/09/2020,3.9962
09/09/2020,3.7025
10/09/2020,1.3235
11/09/2020,1.8757
14/09/2020,2.2402
15/09/2020,3.2551
16/09/2020,2.0521
17/09/2020,2.0933
18/09/2020,3.3918
21/09/2020,0.2303
22/09/2020,-0.734
23/09/2020,1.7265
24/09/2020,3.0506
25/09/2020,2.8753
28/09/2020,4.3007
29/09/2020,3.5331
30/09/2020,4.1648
01/10/2020,0.9921
02/10/2020,4.3625
05/10/2020,4.6238
06/10/2020,5.2557
07/10/2020,4.6472
08/10/2020,4.1158
09/10/2020,3.9871
12/10/2020,4.5937
13/10/2020,5.1076
14/10/2020,4.919
15/10/2020,5.7721
16/10/2020,3.7803
19/10/2020,3.6887
20/10/2020,3.0183
21/10/2020,3.5226
22/10/2020,3.1023
23/10/2020,3.5971
26/10/2020,3.8706
27/10/2020,4.0495
28/10/2020,3.3675
29/10/2020,3.4566
30/10/2020,3.2556
02/11/2020,4.1324
03/11/2020,1.8331
04/11/2020,2.5578
05/11/2020,2.8275
06/11/2020,3.4137
09/11/2020,4.7972
10/11/2020,4.4214
11/11/2020,4.2033
12/11/2020,2.8807
13/11/2020,3.8308
16/11/2020,2.6882
17/11/2020,2.8026
18/11/2020,1.8227
19/11/2020,2.2686
20/11/2020,1.8999
23/11/2020,3.8358
24/11/2020,2.3968
25/11/2020,3.6293
26/11/2020,-1.02
27/11/2020,2.4802
30/11/2020,1.0788
01/12/2020,0.6352
02/12/2020,1.0604
03/12/2020,1.1424
04/12/2020,0.6415
07/12/2020,2.7821
08/12/2020,1.5811
09/12/2020,1.4424
10/12/2020,-0.2382
11/12/2020,0.5472
14/12/2020,2.0224
15/12/2020,0.6436
16/12/2020,-0.8331
17/12/2020,-0.8433
18/12/2020,-0.4416
21/12/2020,0.9406
22/12/2020,-0.0735
23/12/2020,-1.2733
24/12/2020,1.7668
28/12/2020,2.6668
29/12/2020,-2.0991
30/12/2020,-1.4048
31/12/2020,-0.408
04/01/2021,-0.9444
05/01/2021,0.5873
06/01/2021,0.177
07/01/2021,-1.8913
08/01/2021,-1.614
11/01/2021,-0.6532
12/01/2021,-2.2107
13/01/2021,-2.4302
14/01/2021,0.1281
15/01/2021,-1.7587
18/01/2021,-2.7793
19/01/2021,0.1145
20/01/2021,-3.1405
21/01/2021,-1.2472
22/01/2021,-2.2586
25/01/2021,-0.6659
26/01/2021,-3.0076
27/01/2021,-1.0342
28/01/2021,-3.3614
29/01/2021,-4.5903
01/02/2021,-2.9322
02/02/2021,-3.7569
03/02/2021,-3.328
04/02/2021,-2.8435
05/02/2021,-1.0531
08/02/2021,-4.2003
09/02/2021,-5.7625
10/02/2021,-6.707
11/02/2021,-5.4452
12/02/2021,-8.0312
15/02/2021,-10.8208
16/02/2021,-8.1151
17/02/2021,-7.512
18/02/2021,-8.0055
19/02/2021,-7.926
22/02/2021,-9.2808
23/02/2021,-10.3476
24/02/2021,-3.7743
25/02/2021,-13.1916
26/02/2021,-13.1736
01/03/2021,-9.0768
02/03/2021,-5.8647
03/03/2021,-8.7849
04/03/2021,-15.8353
05/03/2021,-6.091
08/03/2021,-9.263
09/03/2021,-6.7793
10/03/2021,-7.5988
11/03/2021,-4.6891
12/03/2021,-6.0865
15/03/2021,-9.5354
16/03/2021,-6.9393
17/03/2021,-7.252
18/03/2021,-8.2984
19/03/2021,-8.4165
22/03/2021,-7.4025
23/03/2021,-6.7238
24/03/2021,-7.1604
25/03/2021,-7.1293
26/03/2021,-6.7574
29/03/2021,-5.2075
30/03/2021,-6.0072
31/03/2021,-4.7515
01/04/2021,-5.2556
02/04/2021,-5.2556
05/04/2021,8.6944
06/04/2021,-5.8629
07/04/2021,-5.0482
08/04/2021,-4.8439
09/04/2021,-6.1471
12/04/2021,-4.5761
13/04/2021,-4.9224
14/04/2021,-4.5102
15/04/2021,-5.913
16/04/2021,-7.1017
19/04/2021,-6.436
20/04/2021,-5.9866
21/04/2021,-5.3658
22/04/2021,-3.82
23/04/2021,-5.2465
26/04/2021,-4.6956
27/04/2021,-5.3356
28/04/2021,-5.9155
29/04/2021,-7.4737
30/04/2021,-5.9022
03/05/2021,-0.0522
04/05/2021,-7.1478
05/05/2021,-5.7494
06/05/2021,-4.963
07/05/2021,-5.7547
10/05/2021,-6.1671
11/05/2021,-3.9551
12/05/2021,-5.8974
13/05/2021,-5.1528
14/05/2021,-2.0488
17/05/2021,-2.4089
18/05/2021,-3.1604
19/05/2021,1.642
20/05/2021,-1.1172
21/05/2021,-2.165
24/05/2021,-0.286
25/05/2021,-1.0206
26/05/2021,-1.5875
27/05/2021,0.5857
28/05/2021,0.9074
01/06/2021,-0.703
02/06/2021,-1.8305
03/06/2021,2.9034
04/06/2021,1.2012
07/06/2021,4.7732
08/06/2021,4.0429
09/06/2021,0.7352
10/06/2021,1.1995
11/06/2021,0.7512
14/06/2021,0.9527
15/06/2021,0.437
16/06/2021,0.8145
17/06/2021,-2.6418
18/06/2021,2.5193
21/06/2021,1.6044
22/06/2021,-0.7341
23/06/2021,2.1333
24/06/2021,3.1636
25/06/2021,0.9631
28/06/2021,1.4697
29/06/2021,0.1964
30/06/2021,0.7821
01/07/2021,-1.5866
02/07/2021,0.5913
05/07/2021,-5.5094
06/07/2021,0.567
07/07/2021,0.8807
08/07/2021,2.168
09/07/2021,1.405
12/07/2021,3.0172
13/07/2021,1.6084
14/07/2021,1.1835
15/07/2021,-0.2482
16/07/2021,2.4507
19/07/2021,0.2493
20/07/2021,1.2284
21/07/2021,1.3294
22/07/2021,2.943
23/07/2021,3.7138
26/07/2021,2.8009
27/07/2021,1.7642
28/07/2021,2.2527
29/07/2021,0.6159
30/07/2021,1.0476
02/08/2021,-0.605
03/08/2021,2.8571
04/08/2021,1.3817
05/08/2021,0.9751
06/08/2021,1.991
09/08/2021,1.2588
10/08/2021,0.6596
11/08/2021,2.3452
12/08/2021,3.0137
13/08/2021,0.9144
16/08/2021,1.6203
17/08/2021,0.0426
18/08/2021,1.2412
19/08/2021,-0.0729
20/08/2021,0.8407
23/08/2021,-1.1867
24/08/2021,-1.136
25/08/2021,0.0212
26/08/2021,0.334
27/08/2021,1.2218
30/08/2021,5.5218
31/08/2021,-0.4177
01/09/2021,0.1511
02/09/2021,1.3413
03/09/2021,1.1693
06/09/2021,0.2848
07/09/2021,0.6207
08/09/2021,0.4246
09/09/2021,-0.6576
10/09/2021,0.6172
13/09/2021,-1.9454
14/09/2021,-0.5797
15/09/2021,-1.6211
16/09/2021,-0.8051
17/09/2021,-2.333
20/09/2021,-1.9278
21/09/2021,1.4803
22/09/2021,-0.5537
23/09/2021,-1.1867
24/09/2021,0.2871
27/09/2021,-1.601
28/09/2021,-2.0326
29/09/2021,-1.0616
30/09/2021,-2.4007
01/10/2021,-2.187
04/10/2021,-2.2434
05/10/2021,-3.3735
06/10/2021,-1.0448
07/10/2021,-2.1315
08/10/2021,-2.6056
11/10/2021,-2.7609
12/10/2021,-3.5229
13/10/2021,2.0403
14/10/2021,-2.4143
15/10/2021,-6.4859
18/10/2021,-5.3804
19/10/2021,-5.2212
20/10/2021,-3.6541
21/10/2021,-4.397
22/10/2021,-1.5637
25/10/2021,-3.6799
26/10/2021,-2.0966
27/10/2021,0.0123
28/10/2021,-3.1628
29/10/2021,-2.9291
01/11/2021,-4.2052
02/11/2021,-1.9064
03/11/2021,-2.7781
04/11/2021,-1.7936
05/11/2021,-3.027
08/11/2021,-3.3474
09/11/2021,-1.3145
10/11/2021,-4.4573
11/11/2021,-2.4659
12/11/2021,0.1688
15/11/2021,-1.1576
16/11/2021,-0.0274
17/11/2021,-1.6194
18/11/2021,-0.857
19/11/2021,-1.3056
22/11/2021,-4.3343
23/11/2021,-1.4586
24/11/2021,-2.3058
25/11/2021,-0.7862
26/11/2021,-3.1961
29/11/2021,-3.4258
30/11/2021,-3.5024
01/12/2021,-6.5704
02/12/2021,-4.4791
03/12/2021,-3.8411
06/12/2021,-2.8373
07/12/2021,-5.5196
08/12/2021,-3.3777
09/12/2021,-3.4754
10/12/2021,-5.8053
13/12/2021,-2.5792
14/12/2021,-4.4689
15/12/2021,-2.2801
16/12/2021,-4.8507
17/12/2021,-2.2256
20/12/2021,-3.2838
21/12/2021,-2.6027
22/12/2021,-2.2139
23/12/2021,-2.2407
24/12/2021,-0.2449
27/12/2021,6.8051
28/12/2021,3.9051
29/12/2021,-3.6978
30/12/2021,-4.6967
31/12/2021,0.0378
03/01/2022,-2.9122
04/01/2022,-0.4167
05/01/2022,-1.8416
06/01/2022,0.2334
07/01/2022,0.3717
10/01/2022,-0.9408
11/01/2022,-1.0668
12/01/2022,-3.343
13/01/2022,-0.9076
14/01/2022,-1.5168
17/01/2022,-2.0384
18/01/2022,-2.5937
19/01/2022,-1.6506
20/01/2022,1.1136
21/01/2022,-2.6638
24/01/2022,-2.7524
25/01/2022,-2.7636
26/01/2022,-1.8525
27/01/2022,-5.1017
28/01/2022,-2.4507
31/01/2022,-1.1827
01/02/2022,-0.1735
02/02/2022,-1.0599
03/02/2022,-2.4424
04/02/2022,-0.7006
07/02/2022,0.4524
08/02/2022,-1.1064
09/02/2022,-2.2662
10/02/2022,-4.8612
11/02/2022,1.671
14/02/2022,-2.7113
15/02/2022,-1.6112
16/02/2022,-2.3498
17/02/2022,-0.7195
18/02/2022,-2.1942
21/02/2022,0.4366
22/02/2022,-1.2845
23/02/2022,-1.5119
24/02/2022,-4.0712
25/02/2022,-1.5294
28/02/2022,-4.4557
01/03/2022,1.7704
02/03/2022,3.4304
03/03/2022,3.489
04/03/2022,2.388
07/03/2022,3.1914
08/03/2022,5.23
09/03/2022,1.442
10/03/2022,2.603
11/03/2022,-2.0634
14/03/2022,0.4583
15/03/2022,1.3645
16/03/2022,2.2106
17/03/2022,2.5378
18/03/2022,2.1962
21/03/2022,2.7291
22/03/2022,3.0538
23/03/2022,2.4701
24/03/2022,3.857
25/03/2022,3.4991
28/03/2022,2.8926
29/03/2022,4.0539
30/03/2022,3.9906
31/03/2022,4.0004
01/04/2022,-1.1244
04/04/2022,2.5866
05/04/2022,5.2217
06/04/2022,6.4755
07/04/2022,3.0807
08/04/2022,5.7864
11/04/2022,3.0155
12/04/2022,4.6745
13/04/2022,6.4477
14/04/2022,6.2719
18/04/2022,14.6719
19/04/2022,7.2482
20/04/2022,5.0449
21/04/2022,7.0327
22/04/2022,3.6205
25/04/2022,6.2879
26/04/2022,1.3603
27/04/2022,2.4417
28/04/2022,5.3538
29/04/2022,-1.0848
02/05/2022,-15.2348
03/05/2022,2.8218
04/05/2022,5.0915
05/05/2022,-0.1342
06/05/2022,1.4177
09/05/2022,2.2962
10/05/2022,-0.9955
11/05/2022,-1.1531
12/05/2022,-0.5133
13/05/2022,3.3569
16/05/2022,1.1009
17/05/2022,-0.0824
18/05/2022,-0.2404
19/05/2022,1.7723
20/05/2022,1.0275
23/05/2022,2.2123
24/05/2022,2.8987
25/05/2022,1.9001
26/05/2022,3.3573
27/05/2022,3.3492
30/05/2022,-0.4609
31/05/2022,2.8208
01/06/2022,3.5122
02/06/2022,26.0122
03/06/2022,18.4122
06/06/2022,3.3765
07/06/2022,5.5631
08/06/2022,5.0569
09/06/2022,3.7232
10/06/2022,3.3708
13/06/2022,1.8335
14/06/2022,-0.1862
15/06/2022,0.4364
16/06/2022,2.0398
17/06/2022,-2.5347
20/06/2022,-3.2604
21/06/2022,-2.3542
22/06/2022,-2.0345
23/06/2022,-5.3238
24/06/2022,-4.5038
27/06/2022,-4.3094
28/06/2022,-0.4007
29/06/2022,-1.911
30/06/2022,-2.4246
01/07/2022,-3.5492
04/07/2022,-1.6442
05/07/2022,-5.4035
06/07/2022,0.2776
07/07/2022,2.9292
08/07/2022,-1.3497
11/07/2022,-0.8253
12/07/2022,-4.6701
13/07/2022,0.0726
14/07/2022,-3.974
15/07/2022,-2.4039
18/07/2022,-1.5086
19/07/2022,-0.2501
20/07/2022,-1.4087
21/07/2022,-1.5686
22/07/2022,-2.3379
25/07/2022,-2.59
26/07/2022,-2.0981
27/07/2022,-2.3067
28/07/2022,-3.3266
29/07/2022,-1.0799
01/08/2022,0.4153
02/08/2022,-1.445
03/08/2022,-0.5937
04/08/2022,-1.1617
05/08/2022,-0.498
08/08/2022,-2.455
09/08/2022,-2.2509
10/08/2022,-0.7002
11/08/2022,0.9309
12/08/2022,0.8777
15/08/2022,0.6852
16/08/2022,1.1305
17/08/2022,-0.4474
18/08/2022,-0.7008
19/08/2022,0.6673
22/08/2022,1.2533
23/08/2022,0.8349
24/08/2022,0.3631
25/08/2022,1.0767
26/08/2022,-0.4521
29/08/2022,-9.1021
30/08/2022,-1.6032
31/08/2022,-2.0182
01/09/2022,-3.9423
02/09/2022,-4.8752
05/09/2022,-5.8051
06/09/2022,-2.2932
07/09/2022,-2.699
08/09/2022,-1.5765
09/09/2022,0.437
12/09/2022,0.1965
13/09/2022,-1.3573
14/09/2022,-1.9863
15/09/2022,-1.6024
16/09/2022,-0.4266
19/09/2022,-0.441
20/09/2022,-1.5951
21/09/2022,-2.1107
22/09/2022,-1.2571
23/09/2022,-2.8534
26/09/2022,-3.5531
27/09/2022,-5.1747
28/09/2022,-0.8045
29/09/2022,-0.2976
30/09/2022,-1.664
03/10/2022,0.4446
04/10/2022,-1.0808
05/10/2022,1.7156
06/10/2022,-0.4686
07/10/2022,0.3853
10/10/2022,-0.7032
11/10/2022,1.653
12/10/2022,0.2663
13/10/2022,0.5463
14/10/2022,0.4112
17/10/2022,-1.4774
18/10/2022,-0.4091
19/10/2022,-3.2443
20/10/2022,-1.8867
21/10/2022,1.633
24/10/2022,0.3174
25/10/2022,-0.4442
